Louisville,29,5,85.7090560639601,10.99201958044108,58.38412823725049,11.34435010687664
Wichita St,34,0,78.59680757404888,7.712714292758973,56.860280666573566,9.912091173266509
Florida,32,2,73.33785467361899,7.031464503200066,53.277400107914794,10.273334290998479
Villanova,28,4,81.0497400257135,10.051272462276222,63.599429220499104,12.355223069491743
Duke,26,8,83.18232572262801,11.160537866181418,65.81837763409976,11.094315944882183
Kansas,24,9,83.74925246898097,9.860039366087143,66.65134744207019,9.408232199592193
Arizona,29,5,76.08790237769463,9.859345970499788,59.08408569662573,15.05220776488722
Iowa,20,12,86.23071164335886,11.218589719836041,69.46024778109556,11.740259954857478
VA Commonwealth,26,8,78.1560585592061,9.728603119486163,61.830281308687724,9.774969687714906
Wisconsin,26,7,77.49329929162765,9.902208062685673,61.41962303782471,10.370598383583818
Michigan St,26,8,78.67389613129849,12.852670581554904,62.665719976810905,9.375470341793465
Gonzaga,28,6,77.52713156211462,11.978964079605985,61.59775925889545,10.76511619502824
Kentucky,24,10,79.15195347477538,9.621672362226656,63.24780440491204,9.462165848272269
Oklahoma St,21,12,82.72242291853422,12.076462112500655,66.84254754201575,10.526623664685829
Pittsburgh,25,9,75.84526466111784,10.96222693562957,59.992777981726334,9.7015598779947
Creighton,26,7,81.07363582181416,13.408516856006893,65.27125201641141,8.920872033405074
Michigan,25,8,77.59313361834838,10.562324020390903,61.88872479719284,8.494803653411035
Ohio St,25,9,71.76027928386851,9.541278237673268,56.18247867629586,11.240450750576862
Tennessee,21,12,73.08103979586325,10.719295748640631,57.540835221380696,10.114532957943918
UCLA,26,8,84.00084269908008,12.610472393759183,68.65259999116545,8.195722829604495
San Diego St,29,4,70.43150123824715,12.261509106832577,55.224435234119305,12.209472540932225
Virginia,28,6,67.72223364211258,8.861184541909315,52.65592558325559,12.835143732107985
Louisiana Tech,27,7,80.03595168092812,15.396215821605196,65.12639140138513,12.412848294574731
Cincinnati,27,6,69.3684741098732,12.574365012460918,54.526395416768274,10.09669667858517
Connecticut,26,8,73.49779958990916,10.53569513397035,59.121485516535195,9.75937730408944
NC Central,28,5,72.65362603855984,11.33055791830049,58.725591564612145,9.996139047190486
Iowa St,26,7,85.73097623171311,11.732120646946042,71.98923702499677,10.036509097062098
St Louis,26,6,71.78031832116518,7.641491694328169,58.19873648604119,9.503982742627723
SF Austin,31,2,75.54190767619198,10.391612634526279,62.06818649986249,8.86909670118625
Harvard,26,4,75.02655017387542,10.86947585347304,61.960013382053916,13.93533091620267
Syracuse,27,5,69.4704760375643,10.431876694289448,56.61014238493857,10.555101849645716
New Mexico,27,6,77.11776616760326,10.911377837526961,64.29694364575074,10.72628529772907
Utah,21,11,73.38446886011752,17.095709019342856,60.63140169412601,7.856193553436179
SMU,23,9,72.76058415724886,8.726503616438807,60.0657172599808,9.538287917882183
New Mexico St,26,9,78.63386400899978,10.575942121287905,66.58308024083803,11.196031007583743
North Carolina,23,9,79.12266153720876,11.950967494814645,67.36897426757754,9.228699140279877
Southern Miss,27,6,72.22928820321096,10.724293156900295,60.87706051058967,9.422011241715387
Mercer,26,8,76.92501026888895,13.052923061684856,65.58408119511502,13.917684745972391
Arkansas,21,11,81.89289820736192,13.880168144376015,70.60710332720627,10.095520225378863
N Dakota St,25,6,77.05147740020466,10.505193715532865,65.87087092402611,12.052655425992807
Georgia St,25,7,78.55201523520047,10.756164059531924,67.37766802537058,12.109188088193493
Baylor,24,11,75.47768248222165,11.10622378197516,64.35409402854887,8.335602213512846
Memphis,23,9,79.25002673963009,11.314380549737963,68.32196180749183,11.1613577775168
Oklahoma,23,9,84.61277951426035,11.639128297060115,73.86803911538041,9.927055815426357
Oregon,23,9,83.03251334528431,13.308330608976997,72.30899940241001,12.333038496687971
WI Green Bay,24,6,75.34983974913973,10.753294534331715,64.70384530718242,12.769071329534631
Arizona St,21,11,77.6611866937207,9.853325721655024,67.02015773293586,10.210088636510822
BYU,23,11,85.80447222285613,13.400676635997014,75.29320335169655,12.973032854568622
St Mary's CA,22,11,72.80872579375624,11.688046170932118,62.42274684501707,8.064569519993476
G Washington,24,8,75.16125529761958,10.255398329756709,64.87782216102013,9.869081987186261
Florida St,19,13,74.19349526552205,10.676676172593764,64.03431429750401,8.994352598236233
Stanford,21,12,75.47400340349077,10.371895764757003,65.94243580368305,11.062998063597464
Vermont,22,10,70.644222445841,10.22334912797495,61.188289350882776,13.03469287448821
Texas,23,10,76.16406578627836,9.433829658436796,66.76534100034847,10.051540992230676
St John's,20,12,74.43738537857067,10.513842969377283,65.11420183696721,11.263962311614069
Minnesota,20,13,74.35142133371185,10.25043516508438,65.03693710114942,10.156472950548881
Massachusetts,24,8,78.62188716248966,10.58717846304883,69.53123298919613,10.571674724016308
UNLV,20,13,73.01537666949417,9.797947971245309,63.95156808682175,10.716001807808498
Xavier,21,12,74.7214890985531,9.817790527371693,65.77877229647832,10.746989219489857
Dayton,23,10,75.29775655480205,9.411022398327285,66.43026511811593,10.581833242584011
Boise St,21,13,76.64211049743572,13.624437871963647,67.83261950696716,9.985144592983401
Colorado,23,11,72.44512278673702,12.55922336980712,63.64022315204309,8.673341282745282
Manhattan,25,7,77.83352685453791,8.93178691864654,69.03417631928978,8.746150812383636
Middle Tenn St,24,9,69.71669718291564,14.043455671420292,61.07629036130448,10.914158181532805
St Joseph's PA,24,9,73.01102037618132,8.470427643919015,64.72530902425089,10.435606443298399
Providence,23,11,75.97792405355659,10.318113837461741,67.86261116955436,11.079389930343615
West Virginia,17,15,79.36146452387086,12.436211936426602,71.53277119566813,10.469796408472613
Santa Barbara,21,9,72.33697918938722,9.95699315935726,64.5881201260978,8.595881703806702
Kansas St,20,12,70.44774833206776,7.820626858305217,62.71609988615299,12.758711521816135
Missouri,22,11,76.05866372774456,10.028386663871208,68.33586236283996,8.520649454471899
Maryland,17,15,74.73098005271385,9.29017714602288,67.07752619794113,11.123986821201289
Cleveland St,21,11,73.53665151444697,10.446697603040326,65.98910487846732,11.59238663885431
E Kentucky,24,9,77.20259221826504,12.443459741700908,69.69219424166066,8.455105746029295
UTEP,23,10,69.55006661296574,8.426564378124462,62.04008353545275,10.251903014012678
Buffalo,19,10,75.38891671779263,9.720190969398116,67.94985875297822,10.488727810418252
LSU,19,13,78.17175021528574,9.330776184904362,70.75398039998086,10.535972207271731
Tulsa,21,12,74.37590359665927,10.656938017969688,67.03194658544658,12.02136506307418
Indiana,17,15,73.75552793895066,13.544936055770648,66.4479721759627,9.698229109744654
Princeton,20,8,71.61650284462235,8.146268417808495,64.36072657471703,11.047804270858453
UC Irvine,23,11,69.10929895215061,11.975368257992228,62.10960322669654,13.234600374856083
NC State,21,13,75.31820296727908,8.860811699856939,68.59999610869018,9.51355862900317
Iona,22,10,84.66419371857847,11.283254737232717,77.96502741618205,9.05811890621254
Georgetown,17,14,71.03203510674622,11.169398748022777,64.4418071047523,10.140343799934499
San Francisco,21,11,76.07896715624307,11.066996507650503,69.58634016564407,11.555977656047354
Clemson,20,12,62.46268967592964,9.573452943883819,55.97146966727616,11.689478770764772
Toledo,27,6,81.3425681191961,12.143155518414455,74.8864631391475,11.654514793255293
Marquette,17,15,73.76085106497153,13.587595388813778,67.37658055068538,11.548363766190612
Ohio,23,11,72.50057447069078,8.434654539375536,66.20712902301392,11.137652181238089
Illinois,19,14,65.81039587275397,10.1111251365268,59.58361541271394,11.197066085746021
Belmont,24,9,80.43985911346286,11.379647069152648,74.23789255361808,10.395148161258655
Mississippi,19,14,78.10587228114989,10.189554784444432,71.93867508218612,11.93691954844884
Nebraska,19,12,69.7292520830114,9.473974698103357,63.59036470510171,10.831546476716792
St Bonaventure,18,15,75.48621484710311,8.645006916154964,69.35899599894242,9.315326684519146
California,19,13,73.7191186872632,10.012659907412647,67.60416992332074,11.351787578126585
Northern Iowa,16,15,75.06573883903064,10.745295289449155,69.01322598613942,11.900610386191424
Delaware,25,9,82.52660911907599,9.86679706463464,76.54941418101379,8.324712483676516
Wyoming,18,14,64.97108722442958,9.385099329560578,59.18140180285041,8.3179241380377
ULL,22,11,80.4568986966992,12.540780979097203,74.75414413730512,11.200069818428677
Utah St,18,14,70.97261718740813,10.61222265614848,65.30199997008324,7.860230816864139
Incarnate Word,21,6,78.00708095045026,12.995973144774135,72.36420079682128,11.470465050454731
Hawaii,20,11,78.87263531629426,12.226171076007027,73.37640135348033,10.254865931433871
Georgia,19,13,69.98126299058976,9.733918258282296,64.58095858776647,11.27141032742899
Davidson,20,12,78.39637933810172,13.34876123170572,73.07335218027242,15.047661089561668
Seton Hall,17,17,73.19891693603708,9.946945993571667,67.92104229156386,8.368500920646866
Miami FL,17,16,61.99189228432096,10.459822933943437,56.72567344438858,9.410469183010951
S Dakota St,19,12,73.90623451820056,8.113194261493295,68.67534156537458,10.476394356715582
American Univ,20,12,62.44297419991015,8.711802569498113,57.21570196829828,9.279146290038017
W Michigan,23,9,72.7760093891458,12.913595163005812,67.67005835374384,10.524008033234516
Notre Dame,15,17,74.36633955140928,9.693015263264927,69.27369519570254,7.5972956288772435
Columbia,19,12,66.86932693877951,11.281685038201465,61.89117854595549,9.149868488533675
IPFW,24,10,74.94785862315702,13.586289213808184,70.18550764281885,9.328611795095076
Purdue,15,17,75.52480180411712,9.747539724722277,70.78400863208803,8.311180998195963
Penn St,15,17,74.14265629354479,9.084878591533519,69.55775549566341,10.443184412445818
Wofford,20,12,64.91567090799141,10.495139469413672,60.33381531777285,7.994244652399934
Texas Tech,14,18,68.43061265916884,10.499628815513635,63.91918115966814,9.078062641684891
Stony Brook,23,10,71.8178297201468,9.319657053218014,67.37271540228912,11.959066821094822
Portland,15,16,74.98376152823171,11.791175006478808,70.63378789665997,9.83784975880393
Richmond,19,14,66.44556232274472,8.08475086731833,62.12379265524176,8.838198836747369
Indiana St,23,10,71.86533173906022,9.858877174710592,67.56758288120834,9.569276880247967
E Michigan,21,14,64.57867011437924,10.192664534791263,60.33587744247453,11.57145324855013
Southern Univ,19,13,69.05140506822683,15.953535473866154,64.82928646944954,12.45169906079321
Towson,23,10,73.28587547021507,11.04785356761792,69.06549415901348,8.588735035485255
Texas A&M,17,15,65.29137099583637,12.250532949231046,61.1879060817126,9.821375786195318
Boston Univ,24,10,71.68505714894106,10.668562184581052,67.61141618492945,10.629872252602206
NE Omaha,16,14,80.292350694443,12.18447828010342,76.25005879666165,11.261996952141912
Weber St,19,11,71.17322785893676,10.737927414851931,67.18495937936082,9.539609155384964
Valparaiso,18,15,70.50619493128589,15.347408399643605,66.5298581392455,13.47140360433853
Denver,16,15,66.57725207085215,10.286058898068061,62.80873377400715,8.179239331258039
Colorado St,16,16,73.68374888847083,11.676946828192468,69.9360718524059,8.96140053839928
SC Upstate,19,14,72.51889388671482,8.579568513046056,68.7920319775639,9.10110158994543
FL Gulf Coast,22,12,70.68291497859303,9.715560423930182,66.9817445888703,10.209918710080002
Arkansas St,19,13,75.58500351070482,12.110664683145275,71.90189923825041,14.784312167564469
Butler,14,17,68.8197226982906,11.847755179257595,65.22650253963229,12.064545602703799
Alabama,13,19,68.21207936947475,11.234235757975194,64.66741845932262,9.54121243011365
Murray St,18,11,75.50066933606563,13.065273089990024,72.00536611317594,11.847571546055631
Fresno St,17,16,74.93187329913597,11.673899250616053,71.43712194454392,13.054335085883766
Washington,17,15,77.23114198103423,8.975784016212298,73.92808829544023,11.434249019703085
Wright St,20,14,65.07340552246657,8.303801452096273,61.951031199682596,12.79805630399689
Vanderbilt,15,16,64.97458154914095,9.982018181104849,61.976996092149186,9.109627357202266
Sam Houston St,23,10,73.06080421436582,14.141187382822057,70.06556389631479,12.45205722848733
Charleston So,13,18,75.20716611896856,19.03672181909842,72.29967905094433,14.536334268285291
Brown,15,13,71.43401510747432,9.742409898174126,68.53840283972993,9.515107489823741
Auburn,14,16,73.59395503166043,8.702570061009615,70.71770486048769,11.33632170446277
UAB,18,13,73.51110706517751,10.706275817872962,70.65642217370139,11.033724788926689
Akron,21,12,68.3023081821312,11.368679902596236,65.4848643221343,10.201848710010314
Canisius,21,12,77.60646876161915,11.238329097937623,74.7923184785899,9.618648015703183
Oregon St,16,15,76.22639657060847,9.549110159739898,73.54485622997161,9.675559184336958
La Salle,15,16,68.4645360086394,10.784015484460474,66.05814962991566,9.734354563087754
Georgia Tech,16,17,68.31391489324885,9.507003011935527,65.96869026750583,8.328212105315988
N Colorado,18,13,72.89375584414994,12.179000163008348,70.56934922596798,9.724013607491425
San Diego,16,16,64.4905227865507,6.671390859597955,62.241980856537616,9.729564792079476
Morehead St,20,13,74.27438787820715,14.77061561096229,72.05705384433047,9.760325074853837
Missouri St,20,12,70.01428857665911,11.817867188880298,67.82142889583265,11.177980041630693
Bucknell,16,14,66.06502990648589,10.009492094380933,63.92206995614999,7.767456011457854
Metro St,3,1,72.12330642587779,8.584869015914741,70.06379703410036,4.658364661809123
Wake Forest,17,16,71.85539849104998,9.496941476792044,69.8987693559289,10.438888596429168
Oral Roberts,17,16,71.25164684054145,7.536229801240042,69.35107679315885,7.959651648210195
W Kentucky,20,12,67.583624528284,10.041085675235715,65.74209045309563,8.586799977194755
Quinnipiac,20,11,79.54203251579808,10.122052894214516,77.75404453464799,10.164631750658982
UNC Asheville,17,15,76.88899306800916,12.623487689945511,75.14149950258516,13.117771162722528
Rhode Island,14,18,67.79224457691217,9.203705381577773,66.07140304214337,10.283041051157152
Nova SE,1,0,70.71635076431315,6.485510052895442,69.0083587937466,9.49455284549602
Gardner Webb,18,15,70.53458364213118,12.104904158528344,68.83392808244123,12.027898907301926
Drexel,16,14,68.99411968596364,10.692387166229548,67.33352408860696,11.782987870413816
Albany NY,18,14,65.25952756356551,9.282422440204758,63.662716452082954,7.461965461784039
Coastal Car,21,12,70.05791530178965,12.129421596572374,68.46511018203913,9.972390687538601
Kent,16,16,70.2186707849024,9.756118595423459,68.82080117263563,9.488681297226485
Winthrop,20,13,72.71230612456411,13.224431231346408,71.33921193055188,10.767939866344504
Youngstown St,15,17,76.251657899389,12.058732572167377,74.88996602641711,11.194264276157426
Charlotte,17,14,72.75289423209516,9.413058422185554,71.41713681148453,10.897275945459228
Wagner,19,12,69.80717607712111,9.39287613180145,68.49578178300966,11.122239000773202
Colgate,13,18,70.47977735155064,10.148581790358152,69.22129372688426,9.999484386870977
Houston,17,16,73.68600556618364,9.190598473795141,72.44323753346676,10.105654152035674
Utah Valley,20,11,65.61685456082014,13.3503415748318,64.43028209107636,11.138291841661994
Washington St,11,20,66.14161173053488,15.837094812190452,64.95643065770015,10.192211671509087
Radford,21,12,74.73327564859682,13.534417825948056,73.57457814855425,10.35533362407494
South Carolina,14,20,70.13845957384486,9.2188466161868,69.04690535538798,10.336940364395241
Illinois St,16,15,69.36653735544476,10.51604987291841,68.29691601366542,12.395864119374302
Central Penn,0,4,72.77474836706207,6.261783628919307,71.74830664749106,40.164021091277256
Holy Cross,19,13,66.87329388652525,11.636768531347343,66.00128816116221,14.389015246534289
Chaminade,0,4,73.28143563975489,9.592303987297083,72.44536579920292,23.654238304470468
Nevada,15,17,73.71778731071622,9.338694412800201,72.88588864743326,10.685393417031769
Long Beach St,15,17,70.22754251102256,11.293045934169445,69.41771088821912,10.574795350484825
Elon,18,14,71.5849294210767,15.180327250469654,70.8142732048457,9.156901431132694
Hampton,18,12,72.64357079122769,12.57571713151433,71.88589611796945,11.036697749368505
Montana,17,13,69.40372465121058,9.773548642677852,68.76989906767872,8.814812069849
East Carolina,17,16,72.064333566511,13.33636105542349,71.4809331499038,10.599203916289385
Col Charleston,14,18,62.27100915185848,11.207844852336022,61.69030375276953,10.3636291273197
Santa Clara,14,19,70.56852440119643,9.72928506404213,70.01725114310516,12.302377646652959
Duquesne,13,17,74.88861684646272,10.704729042737686,74.350487321772,8.998689164165105
WI Milwaukee,21,13,71.20214182932389,10.544165536366934,70.6662831596773,8.173544944968059
SW Christian,0,1,70.95761049754357,8.447568540178786,70.43618989527809,41.42441101371234
FL Memorial,0,1,71.08183829776361,8.37603433263976,70.56902217819204,30.098396410987394
Lyon,1,1,68.86366061065137,26.119869221236733,68.35250869207808,9.835749474852339
E Washington,15,16,77.65602173239829,9.39535313673392,77.15267467045281,11.654963402710429
Bryant,18,14,73.37675509556261,12.474872331201952,72.91055358824516,10.376331242041175
Yale,15,13,66.29832150996573,9.811053035445712,65.8611855208856,7.828415144134267
Missouri S&T,0,1,71.0585090365717,5.419436969237101,70.654139893792,27.486875464570133
Fisk,0,2,71.26238191683088,8.420020738321249,70.87046845964618,42.02503127919517
Newberry,0,2,71.26555552484652,16.944283108048573,70.93972514041016,36.02495316688527
Graceland,0,1,70.70724721584665,13.798723312855284,70.43232470769236,42.63072204131768
Arizona Chr,0,1,70.98770120713023,4.925298578675136,70.72520069441875,21.010522854626647
Our Lady Lake,0,1,70.85596465414194,13.464393213897377,70.61842591416236,25.726146937104502
Wiley,0,1,70.69459455978584,22.940899130867393,70.46358536492542,40.37733531937177
Northwestern LA,17,14,83.45139014843299,16.200347944894713,83.22240957614325,13.184423549011798
Kalamazoo,0,1,70.6997346287681,3.8281776844215734,70.47288749513888,37.316434414181636
William & Mary,20,12,73.1983978481148,11.20611677006825,72.97246294245751,8.12232347987835
Fayetteville St,0,1,70.84875822602746,6.979923672170214,70.62598001439275,24.69536988359156
Bridgewater VA,0,1,70.61877618405917,10.040683730683671,70.39745874206565,37.330513683514226
LeMoyne-Owen,0,1,70.85256995188608,8.530773433812763,70.64426149354465,26.091211157818417
Ohio Valley,0,1,70.81415593877125,5.108410453523419,70.64788817880127,26.26479585380347
Virginia Union,0,1,70.79931227501048,12.888558079403671,70.6430655641734,22.23071670939733
Coast Guard,0,1,69.32004340157918,24.151672248577484,69.18343210566648,3.3057513656936486
St Francis NY,18,14,66.82977419874055,8.48470099725353,66.6997814282746,9.81631289389914
Selma AL,0,1,70.69577654995645,10.238406937327673,70.58166528996725,29.140587998270338
TAM C. Christi,17,15,66.13501178526826,9.881888306428868,66.03404199387727,10.98134595113676
MT Western,0,1,70.86092294030145,4.417101432560421,70.78211656400669,20.954855492695618
Mt Olive,0,1,70.60856062857412,4.200479397662229,70.53681570457778,5.872261019828727
Pepperdine,15,16,71.86750999576059,7.957043177140959,71.80253689500454,8.36884266090384
Southern Poly,0,1,70.78178166230376,9.03168361168923,70.72397730277777,22.406677818582214
R Morris Spfd,0,1,70.58362660085022,4.928126830594628,70.56174298925478,31.609101153347225
La Verne,0,1,70.68352533580035,5.78486280335501,70.69375196721279,22.79255667875127
Stillman,0,4,71.9543915975274,9.68145633233632,71.96662470253013,32.83878057104234
S Illinois,14,19,66.44491939278169,9.151834540016178,66.4781650937951,8.335428197929126
Eastern Univ,0,1,70.85050814869138,5.949706202248781,70.89243353160474,16.01969559072214
Suffolk,0,1,70.48481928469315,2.651531193660564,70.55670514031785,30.34889318678807
AL Huntsville,0,1,70.96239376566628,3.895599225901623,71.04084246696824,12.321457103415227
WI Parkside,0,1,70.72603363808861,7.112914374100595,70.82132693513037,19.67037855898581
Pacific,15,15,73.85791825393446,10.467950121098479,73.95391589061953,7.946078249768536
WV Tech,0,1,70.51367727532687,5.158003836775198,70.61470758333175,26.205475738647294
Permian Basin,1,0,70.88518924425085,13.614037211036766,70.98776989731958,8.55629151755584
Philadelphia,0,1,69.20381862563816,21.678115157090133,69.32563718513939,3.1929545764110667
Drake,15,16,68.08201083690216,11.406104521457236,68.20648455608323,7.621011655143166
CS Bakersfield,13,19,67.06469977499356,11.395067174898998,67.19014635069695,9.189614932152306
Wilmington DE,1,0,69.2274089572583,8.138661328409057,69.36074298670877,5.27263922044523
Ecclesia,0,1,70.19611806936518,2.702162797076371,70.35732191437141,50.41365636041617
MT St-Billings,0,1,70.71419375679046,5.132721157806639,70.87862345239411,11.533945951999913
W Carolina,19,15,72.48363568858942,11.602805594851047,72.6545407171059,11.690800774507448
Dartmouth,12,16,67.38579265429148,11.686627371373184,67.56467219378412,9.531342537885722
Notre Dame OH,0,1,70.49915229727148,4.0132991496348644,70.68129572471486,24.9311691316456
Roanoke,0,1,70.4844729348897,3.3965743272220403,70.67548828482161,21.352986121950124
Albertus Magnus,0,1,70.85284518951798,6.9209571507756245,71.05257848656503,14.770346439673165
AK Anchorage,0,3,72.09309271277816,10.168010998712855,72.29972838165882,15.567598709626537
Wilmington OH,1,0,69.10692826868865,4.255230782268527,69.31902122951898,4.530335272850392
VA-Lynchburg,0,1,70.18976947762843,2.5776786865831514,70.40771453341627,35.32690681775091
Old Dominion,16,17,63.008115172718966,9.95969318957323,63.238895533748355,8.95149233075557
Catholic,0,1,70.50246745357104,3.35260474581148,70.75049254152756,19.157803926821817
SE Missouri St,18,14,79.2692515409701,15.426591666310912,79.58062324707782,11.41262092385294
Young Harris,0,1,69.18993791742275,14.353641605031118,69.52146024039553,3.349891951715242
UCF,13,18,73.32373016398253,12.70771168566558,73.73336680971056,8.88567671722116
Mars Hill,1,1,70.89010322491352,17.573470258618823,71.31312856659896,22.32562675975425
Voorhees,0,1,70.3070323158692,2.1048467754067586,70.73997922542293,22.076346840045094
Wayland,0,1,70.70249573550973,5.4000221237959884,71.16120620903573,10.475718313122748
N Michigan,0,1,69.26366191226937,18.039273652099443,69.74236714472734,2.095336695765084
Arkansas-FS,0,1,70.25810063400783,2.4057451006767803,70.744209989554,17.02945628890401
Northwestern,14,19,59.70681711734911,12.378944802573562,60.29735801674355,12.29800921023148
Sewanee,0,1,69.3012517371079,22.993733171527495,69.89353686489142,1.7189992329830321
Tampa,0,1,70.02931022868555,1.419183056207377,70.63381160101996,25.06116331199268
Col Springs,0,1,70.00692556285563,1.4145007330032449,70.62501563422661,26.88284195857625
Schreiner,0,1,69.9063094315749,1.6356602205306083,70.54903275782893,30.92120176201366
Dallas Chr,0,1,69.76567425536732,2.7622724080874694,70.41166262693156,39.31150214020838
Bluefield WV,0,2,70.15113487431942,3.3822553018915817,70.81915497692204,38.92595913048039
Menlo,0,1,70.2694724623181,1.6700560577775267,70.94256257875601,11.685650277095855
Le Tourneau,0,1,69.93433678919757,1.5279121501029793,70.61282403902099,15.03455413551256
TX Southern,19,14,74.83129193538502,10.514799593238921,75.51087070373573,11.533166487643578
LaGrange,0,1,69.82083687965816,1.6346332048395005,70.5164006193299,33.04132837844235
UT Arlington,15,17,76.75618379315426,12.063118029197161,77.45275105403192,12.885934216994064
Kentucky St,0,1,69.99136113413057,1.4162021154678375,70.75715852693288,6.223677008920782
Detroit,13,19,70.32158390741749,11.716100912210635,71.10455902476318,13.024446967874802
Vanguard,0,1,70.26916426876376,1.8706285093301638,71.07327439222082,10.386990834304703
Reinhardt,0,2,70.10290610151856,13.85687108668417,70.9108175004891,36.77084300960858
Trinity TX,0,1,69.16679957475742,8.878850911411517,69.99960856090188,1.4142175177074185
St Edward's,0,1,69.47371730483196,4.166322124134901,70.31717150920991,3.1707298111662623
Robert Morris,21,13,69.6440010146378,9.72999158259078,70.52756065625698,10.20003955540371
Claflin,0,1,69.67955015963354,2.514298152421755,70.58367474693978,5.173334851773954
Hope Intl,0,1,69.90809352317152,1.4955377361687594,70.81678043093969,11.89157578408216
Marygrove,0,1,69.40091509064182,29.094975934761756,70.3317634216535,56.32678728839121
MN Morris,0,1,69.54821440261689,3.800350076478596,70.48206140860952,37.851229262430714
Grand Canyon,15,14,72.3461931956252,9.157785880501912,73.28195760448612,9.353157318165119
Black Hills St,0,1,70.10066788451262,1.4590599656802177,71.04235152139134,11.083872019558072
Haskell,0,1,69.55660026334488,3.310693293166878,70.49875074587663,34.970804328930534
Texas A&M Intl,0,1,69.16003030843267,14.829701803782536,70.10963235843231,1.6990268362315566
Truman St,0,1,70.04173539062174,1.427640729729107,70.99281982133785,8.686814259644938
George Mason,11,20,70.26161256367973,9.331822473906152,71.21761189534774,9.746224024141277
Johnson Bib,0,1,69.3460508828294,19.873247733962124,70.31443867138687,57.25666548484896
La Sierra,0,3,71.03922864370051,7.827313190836219,72.01306370670035,25.119949727337787
Olivet Naz,0,1,68.91563523522711,10.793764671391951,69.89119682166329,1.621411522185768
Limestone,0,1,69.69659056306315,2.594819040764963,70.72065112299849,6.55229494147095
SW Adventist,0,1,69.28735057001354,14.204208637156874,70.3229357163035,55.348489802495216
Louisiana Col,0,3,70.57172951300812,6.592384404874313,71.60918893240269,29.632802641770176
Anderson IN,0,1,69.60630801548741,3.3489254257125145,70.64681758964585,20.97195886036832
Columbia Intl,0,1,69.41359573315786,25.895283300709707,70.45982339818075,32.19757847178331
Asbury,0,1,69.47288253082044,3.105647932123707,70.54006173180338,29.62654795519546
Wheelock,0,1,69.36525286908795,25.795490725945353,70.44073373299602,40.136693402287314
St Joseph's IN,0,1,69.31979450726507,4.654142559190411,70.40907271837158,45.67101498343946
Tuskegee,0,1,69.04796898327996,6.416061269187725,70.13755050872633,1.4887699277222055
Hendrix,0,1,69.33993617588888,15.334721240212884,70.43780131083352,38.379641194266064
Tusculum,0,2,69.99798904887238,13.371713420763845,71.11945213539612,30.73721759632152
Presentation,0,1,69.54620264552709,40.55107746573639,70.66867518718772,5.9033907729231725
North Park,0,1,69.28963083030709,17.96549324427178,70.41559986826421,42.562603891590854
ETSU,18,15,75.11649316345131,12.707609251887032,76.24970990509868,11.28473388239819
Bacone,0,1,69.37984522405034,8.301230012813077,70.5203567755877,21.278756221359355
Covenant,0,1,69.23677828827987,15.921032802106538,70.38377809447474,47.646758111017206
Blue Mtn,0,1,69.27421010968284,8.17500156076634,70.42352396604136,6.4202297991703094
Caldwell,0,1,69.64944484806445,2.8117481484849853,70.80452720853253,19.22122370248613
Chestnut Hill,0,1,69.67901357279658,2.5213546092755985,70.8346567722284,4.888130839582604
Alice Lloyd,0,1,69.1737366569233,13.882778163638113,70.35952381598088,50.68064715192749
Howard Payne,0,1,69.26776232249813,9.466488539591127,70.48395211150478,37.40667480394993
MI Dearborn,0,1,69.28921040084865,19.2489060124663,70.50633462277287,35.61413055496801
Coker,0,1,69.04725825079286,11.456403513601517,70.26519104364493,2.235951088778034
West Alabama,2,2,69.30257121019109,15.32042852164098,70.5233219258819,4.968196703275603
Tougaloo,0,2,70.27834891658095,3.3694263605491663,71.49950605020979,14.001692027733734
Cairn,0,1,69.18386336914763,19.426090742652868,70.43194930553896,42.07397190850569
Eckerd,0,1,69.05568898203968,13.095303995703473,70.30527232120942,2.065854287036672
N Illinois,15,17,60.29269926777151,12.08271882125378,61.54836042175313,10.426581487763473
B Jones,0,1,69.51826634230261,2.5777253347788958,70.77716303366041,22.396665638361945
Jarvis Chr,0,1,69.30865003602787,21.733168396765276,70.59012832063466,26.212710964602028
Portland St,17,14,71.88047489000682,9.57887073347869,73.1685706149587,9.685388534421667
Morehouse,0,1,69.08879829619771,16.33999115521734,70.38725364886976,1.9484880120244688
St Thomas TX,0,1,69.04399805674208,9.07517982850565,70.34668978433717,3.11001494769764
Mesa St,0,1,69.23518489388017,12.345463032281794,70.54073364876386,5.996545384113271
ME Ft Kent,0,1,69.38080121794916,26.80180618602454,70.68747829000199,14.059704598270667
Clearwater Chr,0,1,69.19298595536917,15.079916831949499,70.5041999595313,35.5087814235144
Hillsdale,0,1,69.10043822856782,14.529452884904979,70.42637320725015,41.79594343345888
UC Santa Cruz,0,1,69.34350809969193,27.041259231127142,70.67826716371492,3.9984231258233263
MIT,0,1,69.4371736213055,28.733417286752598,70.77525402908228,6.260910091651622
Earlham,0,1,69.15505093344102,17.56112017551789,70.50674882771244,35.95334699706834
Westminster PA,0,1,69.14878634082281,15.08580992009015,70.51446487287986,34.645814162697015
City Col NY,0,1,69.17916839489851,11.749076465727327,70.55054138428328,29.091261897162173
Virginia Tech,9,22,63.694996887384185,12.464006477576746,65.06971133013728,9.983827815063087
Houghton,0,1,69.22341605502722,20.447960356937,70.61346648574946,7.4618691706123945
Salisbury St,0,1,69.2297868758661,18.071459048065783,70.62173797030623,27.32667997476842
Wash & Lee,0,1,69.02081068731219,6.0841846358903275,70.4131679310076,43.02420033847686
Indiana Tech,0,1,69.30311319297294,20.253271180577247,70.69728178735234,22.534986373332657
Bethel TN,0,2,70.10352013870883,6.408611715313103,71.49841184426369,20.32873885650863
Hawaii Hilo,0,1,69.05918075261634,8.338590395957892,70.46314093905436,39.35752817869974
Bap Bible PA,0,1,69.2083335876884,20.435772831110917,70.61261694893652,7.102091439329057
Brewton-Parker,0,1,69.38946863720949,4.715629495253764,70.79937146319617,5.787240789266261
Millsaps,0,1,69.44218030849858,27.822820377581884,70.85662380525959,11.063114867773722
SW Univ TX,0,1,69.14702618421813,9.857585636270684,70.56156007768725,5.888038042157615
Mayville St,0,1,69.3129618481259,22.63613672859063,70.73558885226767,22.15165631822636
Northwestern OH,0,1,69.20417891963137,17.10388754040864,70.62974071791639,26.052258288586046
Guilford,0,1,69.19830623330698,19.882068565274754,70.62477141462993,5.832700488596716
Taylor IN,0,1,69.16229256223642,18.495070334916925,70.59639798081139,4.8626086567336175
Mt Ida,0,1,69.33869079034336,25.38228385657383,70.77322724482319,7.148614983079812
St Francis IL,0,1,69.38234692264585,26.081465741991106,70.81691940324798,17.972347854711337
Westminster UT,0,1,69.31555516293452,4.430620592020714,70.756057982775,6.592009132348895
Trinity FL,0,1,69.09581178343227,15.606744060450456,70.54164010116398,32.2566870821987
S Francisco St,0,1,69.14011565927747,17.106829562676133,70.59936802350742,11.715182700259838
Webber,0,1,68.9974500083394,7.91348232419561,70.46269203079521,38.54390568160133
Wittenberg,0,1,69.18802535997212,15.983968643402354,70.65388009335173,5.612342723577599
Allen,0,1,69.23569123560617,18.090173007387584,70.70604329751419,21.42640884816317
Columbus St,0,1,69.12275475512325,13.961399203186476,70.59699007865224,4.191721922170771
Concordia MI,0,1,69.16540434991126,14.818279483409613,70.63986375362452,27.427217465371196
Mississippi Col,0,1,69.2823656910106,7.967349352117978,70.76353739656102,20.92519127439565
SW Oklahoma,0,1,69.00790198906162,14.540921753241411,70.49188029058061,36.93926680075324
Indiana NW,0,1,69.20615719420503,19.037095315878762,70.69192609562442,20.436326905150036
Belhaven MS,0,1,68.98347373147594,7.534994075784576,70.47021976494207,5.22901172062867
Cal Poly SLO,13,19,60.70835884046002,8.60587665265554,62.195496900195785,12.048046474783666
CS Northridge,17,18,77.56885321054293,12.153421622233571,79.06480548557458,10.179433640254098
La Roche,0,1,69.3545135688071,25.710732949778475,70.85404722884077,16.864052974925986
Haverford,0,1,69.55859948990513,3.743097852539852,71.0607501570139,9.664738841713781
Siena Hts,0,1,69.25134888185578,21.507249935104344,70.76169293903752,11.319836755639425
Florida National,0,1,69.2224924908019,7.152176460354162,70.73386656940082,21.984872317080296
USC,11,21,72.30893240504558,8.036800505726447,73.83898177566013,8.720554986170637
Gwynedd-Mercy,0,1,69.28454452655981,5.18838213417227,70.83051442343249,18.17159761287923
St Catharine,0,1,69.13562838921796,5.20225765904408,70.68232532367477,24.584902310838192
MN Duluth,0,1,69.24589116573317,10.074621399074738,70.79547093280578,18.980104737371896
Viterbo,0,1,69.24509681390602,18.61179102829184,70.80113822098092,19.126048565667027
Idaho St,11,18,69.31690019041913,10.38496363657457,70.88324456452891,8.753354563535613
Notre Dame CA,0,1,69.14260882786917,12.44508857264363,70.7310147148668,21.6412665177772
Lesley,0,1,69.22280689368942,21.44043123785635,70.81248164172482,15.963628642569168
Valley City St,0,1,69.34625402788716,24.649165242114403,70.93612701271246,12.089201191875313
South Alabama,11,20,68.68854551172141,10.041224162984376,70.27986491608954,11.497502588587327
Temple,9,22,76.55683802553862,9.225759484992734,78.17108619655015,8.061136990336722
Milligan,0,2,69.42293386876074,2.2795135943439764,71.05892877813761,33.03664512125372
North Dakota,17,16,73.86833696184873,11.686672714385962,75.50661676582105,11.90427425279777
Thiel,0,1,69.1341207809131,14.083229755499792,70.77351952065384,8.604426210111624
Colorado Col,0,1,69.01674575343215,12.870977588113536,70.65724353897407,24.265745716822977
St Martin's,0,1,68.92324535754048,11.930686199400853,70.56564859645417,3.3304826611912284
Wayne St NE,0,1,69.07212271616892,12.95117675087247,70.71646894861551,3.037898862939317
CS Dom. Hills,0,1,69.21613044270165,16.765566212483343,70.86307887876039,19.26625546757696
Salve Regina,0,1,69.12528217069553,16.080226776804356,70.77498722347718,10.024386926014431
Daniel Webster,0,1,69.15817380340847,18.901269075197092,70.80794244105508,19.92926202580604
Cent Methodist,0,1,69.13357948781261,14.015394473497254,70.7856821715362,14.448089450858037
Randolph Col,0,1,69.15415838959184,16.685978432452316,70.8224012192002,4.715098191351065
Wingate,0,1,69.23962585338978,7.745143437708895,70.91447811448597,14.051157285030198
Urbana,0,1,69.28674424406596,21.356323820743125,70.96502700021452,6.698611087723613
Lee-McRae,0,2,69.79000861869741,7.518492664784386,71.46978757964649,19.12608165433961
Auburn M'gomery,0,1,69.23171491807754,19.565711031016246,70.91970303344326,7.733856257053637
Coe,0,1,69.21588638674088,17.17288657910536,70.90745803612451,13.090019871064298
Holy Names,0,1,69.22633716588223,19.94342831970864,70.93915013312248,9.80858974830558
Albion,0,1,69.24978087774639,19.843288189242195,70.96604400969352,9.33538398731139
Mobile,0,1,69.11766175003672,12.537523598587383,70.84255499995764,17.6986213773275
Baruch,0,1,69.08673901108433,18.528013433852976,70.81645000436708,19.493979803919874
Warner,0,1,69.246117339925,21.944916650556483,70.97587897787531,12.772272402900182
Defiance,0,1,69.13034653604396,7.429804841849292,70.86264304264319,13.841508825708715
Immaculata,0,1,69.25991444363453,18.97349712465118,70.99292858503877,7.16390005495457
Grace Bib,0,1,69.25718587505261,22.651562980510086,70.99243972099036,11.99414603068052
Hardin-Simmons,0,1,68.82409463374087,7.7197378690610545,70.5710647443922,31.007893028195202
Rio Grande,0,2,69.07862580492275,10.502877369670271,70.83159115358902,35.64267362014097
Ohio Northern,0,1,69.21246783764953,21.064162122494917,70.96827101769482,13.480913265588757
Pac Lutheran,0,2,68.85062464166357,30.09519181347528,70.60921622331425,6.2470149659313225
Ferrum,0,1,68.93926751174693,6.767981473285554,70.7048093572003,24.2737674226198
Oberlin,0,1,69.22638547221152,19.454990608754024,71.00322007857137,8.981295261298191
Tennessee Tech,18,16,70.02960516360169,14.577715640789906,71.82048852938192,10.506910800878249
Ursinus,0,1,69.15956523205386,18.24532062331427,70.95425241169512,8.402847283585306
Fort Valley St,0,1,69.25491724918972,3.7072385754372172,71.05370946664354,11.784277483068573
Truett-McConnell,0,1,69.16435098659541,17.916105471179904,70.96667667221509,6.50155403484971
Mt St Joseph,0,1,69.24775613116044,16.65952790626541,71.05105623728174,14.009332890824362
Seattle,13,17,69.36774348050577,9.963887978589437,71.1776060469896,13.472068211924018
Pacific OR,0,1,69.1753883760938,15.229834274831314,71.0104326111324,12.745475035560808
Northwood TX,0,4,70.2450857181692,13.438371723714571,72.08281319083335,16.82639425431604
Oakland,13,20,75.59921129922128,11.297899736764139,77.45759368702623,10.608595066806206
Dakota St,0,1,69.13383097550005,7.0479295942788305,71.00463348597782,15.608764591196987
WV Wesleyan,0,1,69.07709337866653,8.63013758426425,70.95429230035306,6.973305169036734
Shenandoah,0,1,68.90799946090449,8.36576511887091,70.78766163876115,18.943720349517253
Morgan St,15,16,71.74680009817641,9.66123499459383,73.62984484022014,9.621089563629239
Elmhurst,0,1,69.06699820952439,16.62784160470914,70.9510213459324,9.855529135159076
Greenville,0,1,69.10859595206784,16.593452419867393,71.00468708229303,10.995680582713634
Liberty,11,21,68.18156610987599,9.335697278532207,70.0977213316067,10.709806177448165
Eureka,0,1,69.03512520983061,13.570234350243071,70.95342544542575,14.001590899291017
Alabama St,19,12,69.87338635265917,10.272942422717732,71.79735364109926,11.188627172320054
Oakwood,0,1,68.7756261403355,10.37363275243125,70.70290355467107,3.690700359775655
Heidelberg,0,1,69.1104965248078,10.752222549281854,71.06662741652653,13.291847276348832
Mt St Vincent,0,1,69.04593634818814,13.94475577888621,71.03480660030048,14.138615682004458
The Master's,0,1,68.99610970984963,14.859564722647182,70.99159313929174,9.4422218159363
Kean,0,1,69.11017342677123,12.813730398344328,71.1082167209168,12.716522726758283
Washington MD,0,2,68.58469707662574,19.903586894175415,70.61270030046316,37.747042954527
Purdue Calumet,0,2,69.14704672838275,6.851561979590253,71.18147708130057,26.945366736299665
SW Minnesota,0,1,69.13383097550005,7.0479295942788305,71.18043860473527,10.551862881346281
Dallas Bap,0,2,68.36374001958744,17.180890665139042,70.4213257051448,5.490866871387199
Cincinnati Chr,0,2,69.1527004172699,7.03038269257808,71.21582391321625,24.697659003413353
NW Nazarene,0,1,68.85097764179261,8.048377933445334,70.91449032834127,6.349242478139777
Emory & Henry,0,1,68.79550515016949,6.715263508417402,70.88785817711798,15.164323721434412
Army,15,16,72.79251705468803,7.89023110216605,74.90041998908963,11.21902190863806
Chattanooga,18,14,72.36469050597698,14.550922112166248,74.47941855092219,12.730966558276066
Siena,15,17,68.3208887086303,7.558152770998022,70.44923407251156,11.71718978643161
Marshall,11,22,70.31865236035958,15.801736232036141,72.44738059352748,11.89781432887076
Central Bap,0,2,68.80689374068537,12.910617780487472,70.93771975713315,32.328401217317825
Toccoa Falls,0,2,69.02349819191113,14.597914758715493,71.19688351415314,27.861894955996664
Bowling Green,12,20,61.64220635617919,11.191051895388515,63.853116217609994,10.292223672180553
McMurry,1,1,68.76575747657509,10.347944610886339,70.98899274790789,6.144451195510997
ULM,10,17,63.79886799386825,13.764975458838935,66.03976736874252,9.515991499632252
W New Mexico,0,2,68.80016463440752,28.52665010434831,71.05993575083932,14.558610818299124
Trinity Bap,0,3,69.43670519760184,7.712269646571574,71.70047733706666,24.76946755918671
Walla Walla,0,2,68.65995590230558,23.222113244908105,70.93625272514522,29.620019515153217
Idaho,16,18,72.70602986898294,9.749737683002978,74.99533263657437,8.551891990815118
Colorado Chr,0,2,69.05543419689312,13.2145558667811,71.35084452402457,19.506492642984224
Centenary,0,2,68.82015153152572,6.05562758633153,71.11708821421708,28.8802342761769
Rockhurst,0,2,68.39759222170777,14.63410781103288,70.73063050668524,10.663697997319202
Troy,11,20,67.46150062541815,13.666602828937984,69.81870661090724,9.425454351491506
Bluefield VA,0,2,68.89089162675049,11.374014841927266,71.25374001939214,23.931829849874823
Champion Bap,0,4,69.46254225676746,32.82818862962186,71.84185815998966,38.52548979321651
Emporia St,1,1,69.5161252109465,11.151671351473688,71.89960223514755,13.202844054892633
Hartford,17,16,64.31654792691448,10.645998388607186,66.74563853457278,10.452508001822272
Florida Col,0,2,68.89648951050746,21.87276910100318,71.34846792296551,22.965539440211337
VMI,19,12,78.9951086020644,21.989636763072696,81.50004379265089,14.84867246579705
Arlington Bap,0,2,68.44931858470429,13.04735003185095,70.97687995247952,28.67184791041826
Ark Little Rock,15,17,71.31452418280239,12.886764709459383,73.84954301569208,12.042428846551962
UC Merced,0,2,68.6386959563684,21.525097403392103,71.1745100844735,29.470505371797774
Martin Meth,0,2,68.91409138278605,7.611507599152283,71.4507824299907,13.246116734400367
Edward Waters,0,2,68.59592509733987,3.6819424939993084,71.1560025142048,27.477844674672493
Fisher,0,2,68.42623743594439,9.787853156584063,70.99547715963723,34.59899033258832
IU Kokomo,0,2,68.75800356258364,22.768882821874975,71.3391634745037,19.241838420727248
Norfolk St,19,14,68.98555783272907,13.992603174860616,71.57921787127803,12.426946583715251
Judson IL,0,2,68.33047694440583,18.006450801492505,70.96067537920555,33.77425410693294
TN Temple,0,2,68.44163581245928,9.43131548816449,71.10936180534945,23.019816246082993
Lyndon St,0,2,68.45791856982508,12.926234753240998,71.13556155766214,28.67519522534259
Mt St Mary's,16,16,76.66431597842605,10.248599632606672,79.37346485112376,11.067214484565783
Waldorf,0,2,68.71509860989538,19.939125172021054,71.42587931445787,20.265808583022178
Peru St,0,2,68.82313809301897,22.727110335078848,71.58843050624331,10.094075061534987
W Illinois,10,20,59.18659984452765,9.80636098019982,61.95755974891457,9.777626529655562
Rider,14,17,73.43668175677662,11.253674455215062,76.23062558648081,10.968159157027769
North Texas,16,16,70.07915273665938,8.3087815322886,72.87440704005911,10.918431777904319
Spring Hill,0,2,68.76736002219047,20.583182145252394,71.56550889585276,15.430344922718493
Hawaii Pacific,0,2,68.0587401162078,13.477525864418121,70.86588229418751,3.2827489368854663
Simpson CA,0,2,68.28713507556053,11.143795086385074,71.10338234031046,30.15811025539126
CS Sacramento,14,16,67.84178965652262,9.710448119040123,70.66499866748389,9.563149042737772
S Arkansas,0,2,68.63928775365548,9.89071553754982,71.493580264902,18.06496057942757
Florida Intl,15,16,67.76891829702636,9.960372543248479,70.62476450657933,11.603949951209858
Crowley's Ridge,0,2,68.5315135813817,19.105292913172715,71.38979849342292,6.563262289400455
Mid-Continent,0,2,68.11470574613419,10.017521332185673,70.97955388005201,34.139868355515354
Thomas GA,0,2,68.59521145191293,4.83395952991387,71.48264962052882,19.594586668402492
Bradley,12,20,62.22705116154584,8.619300960340128,65.13747786956603,8.849777500211339
FL Atlantic,10,22,65.63664833704746,9.849815416801018,68.55248386147737,9.96967157294799
Southeastern FL,0,2,68.53434200834288,19.12909071340701,71.45226212780747,20.234098739518245
Dillard,0,3,68.75213099994886,10.501302963796359,71.67927773782102,26.331407215179922
Evansville,14,19,69.50473878620099,14.393290934726414,72.46503500133637,11.958271584062471
Sonoma St,0,3,68.98187710389591,6.968799818904324,71.94367266549378,13.003727407619632
Barber-Scotia,0,2,68.25015749297569,13.575398065814554,71.27490349743084,24.95325398541862
Roosevelt,0,2,68.51987349110722,4.422002023531857,71.54567337889362,19.221179843633667
Goucher,0,2,68.13659690399487,15.937620459063961,71.17592664580513,27.65919617753951
NC Wesleyan,0,2,68.29139432122095,16.81400188024814,71.33515837813795,22.103389078552116
Western St CO,0,2,68.08326879317471,13.836910239768654,71.16721407611986,18.102241871287596
Wm Carey,0,2,68.22675810582551,13.738866858676205,71.32362940506647,19.736364695647204
Campbellsville,0,2,68.5660322855983,9.933255920083996,71.67429052889598,7.326613972477118
Northeastern,11,21,65.3501332213442,10.338561336448853,68.47870611855222,10.937789260754736
Northern Arizona,15,17,64.82742924124499,7.331357500243898,67.98917073623979,11.252516984966457
Carroll MT,0,2,68.25370005741327,17.92077124989502,71.4194910069237,6.387964044891744
Loyola-Chicago,10,22,65.95515476418802,12.273151104605725,69.16514450859465,8.176825325197303
Bethesda,0,2,68.81823303222448,28.546916856716713,72.08395582777001,12.191664247557569
Mississippi St,14,19,68.04776542889265,9.550793517008621,71.37400513391538,9.171866696865402
Cedarville,0,2,68.15176721060044,9.771762619693979,71.57708404533228,9.65014269450565
High Point,16,14,68.83011930735489,9.920583761944421,72.29788825869507,8.887464193588979
Pacifica,0,3,68.29049839236595,13.047251733678857,71.76259821493468,27.18268181569738
Cameron,0,3,67.38110135773675,11.607050405332295,70.85387761919357,7.217155185302338
South Florida,12,20,65.91667809018104,9.105878659376128,69.39336528683903,7.4842850309814635
UT Tyler,0,2,68.33628328731203,8.902292040857624,71.81856060010753,12.724115846142686
South Dakota,12,18,68.35315864721743,12.397510128965255,71.84062972856903,14.062353752681611
Air Force,12,18,65.74400668533063,11.290183462197561,69.26056284760847,10.704393181580091
Dalton St,0,2,68.13362472322905,12.802863258560444,71.70648839018129,19.124290907514066
Ave Maria,0,2,68.19198610567973,14.799493182209876,71.81050686514654,13.427365013925312
Lafayette,11,20,72.96122306074949,9.494068327174647,76.58152279858166,12.301140769565075
Ga Southern,14,19,67.97705407000454,10.339866392461001,71.60767791856189,11.186092968418304
Miami OH,13,18,65.28886763696448,10.28983578238857,68.91977441930614,8.471745984622585
Wm Jessup,0,2,68.18461721039682,17.50081197801995,71.81704112182685,13.578205524025831
Manchester,0,3,68.18110673635924,27.33040310981614,71.81988067392172,25.617714947660378
Austin Peay,12,18,74.69956699874837,8.95295896105822,78.3593730761917,10.15611790203988
Boston College,8,24,70.39973055048229,8.643231336592967,74.06005437547263,8.570385048025544
Hillsdale Bap,0,3,67.64991665138305,15.397126422836076,71.33144481382435,37.39770340393937
Loyola NO,0,2,68.16988166981076,13.004736541185592,71.87249931585814,15.861249309272921
CS Fullerton,11,20,67.58382914937859,10.709608571961668,71.29870455134183,8.78075184582973
Iowa Wesleyan,0,3,68.1450963047689,25.843881795041803,71.8617339587077,22.44216136436852
Chowan,1,2,67.85038501978212,16.23856365223693,71.5917092262356,20.429143666281902
Lehigh,14,18,65.70394017896686,9.897404534421193,69.4940123537257,7.454353298663153
St Andrew's,0,4,67.25621560454411,19.09537837420691,71.07638371434426,27.636654145355287
Brevard,0,3,67.96703847313454,8.31658859007479,71.8013516435598,22.812362215926626
Oakland City,0,3,68.46767430275939,8.283059778426555,72.32085901372271,17.612292686291784
Loy Marymount,13,19,73.69768040048905,10.41746512544135,77.59107698499061,7.614290150349716
Marist,12,19,67.1429510332185,11.652387447114233,71.17067312373554,9.148091484272669
North Florida,16,16,70.50140295882201,13.390938509328887,74.5747306347634,9.628215028074132
DePaul,12,21,70.89517681596583,11.907064058042161,74.99526178249661,9.451388917755814
Rutgers,12,21,71.45373219504253,13.63198991194856,75.57632255676175,9.824886497784911
St Katherine,0,4,67.45183226785454,25.904670286422228,71.69243176460373,40.41171620026106
Hiwassee,0,3,67.87145092333023,8.84900522201678,72.11736890742694,20.342100378449423
UC Riverside,10,21,67.8089672369379,11.675365541316063,72.09780492957594,11.430874857591213
St Peter's,14,17,59.163143153388305,8.195503023576665,63.48207376858432,7.806166952784876
N New Mexico,0,3,67.62737340533388,17.79139596602993,71.99612966012434,13.614316028967334
VA Intermont,0,3,67.67095051368308,11.507598137508728,72.04591366687208,15.72671314238411
Montreat And,0,4,67.29957055636498,19.732369535567432,71.9980787849777,29.598714811747534
Greensboro,0,3,67.51761699558365,14.31775524456243,72.28287886212044,19.688828599791627
NJIT,13,16,69.33572465310579,14.46626376114789,74.14813730443228,12.089264942164045
North Greenville,0,3,67.57103718102081,11.605117422762584,72.4216574264438,15.778535301909159
IL Chicago,6,25,66.58924233831931,10.411842064298236,71.44774189057026,10.384495408915864
Rochester MI,0,3,67.48017824281673,15.121794480463091,72.35682225881375,15.71027734739591
Open Bible,0,4,67.33372671074245,19.798949104174397,72.29534994997358,23.025221374307957
UNC Greensboro,14,18,69.46375905361619,11.989671705712748,74.47818730166509,11.109689852003132
Lipscomb,15,15,75.11414871941581,10.981033945831866,80.34752714440664,7.853474549248184
Texas St,8,23,59.28560235103803,9.089297929414768,64.56803267776318,9.247714375864618
Alabama A&M,14,16,62.479099922699085,9.131064635099024,67.77793865824037,7.76258656541017
Fordham,10,21,74.07037095730051,8.847597267479983,79.39400106954963,10.47155577665986
Brescia,0,4,67.13020827739356,6.4348067305064784,72.534520365324,25.843152708609654
Savannah St,13,19,59.38745474500868,10.70402927352657,64.79943720807253,11.366221569817307
Evergreen St,0,4,66.37527346701934,11.669160918502403,71.82495790903813,36.834443413906
Warren Wilson,0,4,66.80899283515558,18.60050467045932,72.29232637939207,29.84695114517641
Monmouth NJ,11,21,66.78617922592188,10.323212153674733,72.35912948250599,11.171343312514958
Hofstra,10,23,68.36596465197155,9.207737801419606,73.97034449758625,8.577672184640535
Montana St,14,17,64.76328286405823,13.50133559163686,70.385689440197,10.128120588248414
Navy,9,21,59.94688551332792,13.438115654553172,65.59336105692279,8.72104203987829
C Michigan,10,21,71.05017468361008,14.893697448203085,76.7202557387338,11.119721457777775
Edwardsville,11,20,70.2833593155534,11.186219012459283,75.97467142155557,11.725612220924953
Jackson St,11,20,63.93406903793149,9.950479675006646,69.72561836269941,9.171239097092169
James Madison,11,20,62.768689503559834,8.873969856807241,68.57380757578295,9.315612753564315
Huston-Tillot,0,5,67.6958820179605,12.013190468788553,73.51518523138186,19.199056921102137
Abilene Chr,11,20,67.01622525891925,19.059350243199333,72.979912686827,13.960329092870907
Tulane,17,16,63.669097294231456,11.657306065082109,69.67360905782306,11.856802022869067
Delaware St,9,21,59.46765563813027,13.29578010789518,65.56522702233295,9.869843163992888
Campbell,12,20,65.43062105348724,10.991125662787402,71.58272836101014,9.001549337026868
SE Louisiana,12,18,66.02319052496783,11.564793739963392,72.49999213518788,11.061545314123538
Missouri KC,10,20,68.87472127450285,10.966896235492122,75.42036388318898,10.91132963999816
Appalachian St,9,21,65.40416157755382,13.336944412214148,72.04271831980775,8.456139278495497
Rice,7,23,62.11356546526041,12.25224390449696,68.88462586365023,10.25566365431678
E Illinois,11,19,65.69496246955153,11.96467573919031,72.48579983641135,8.992132358972274
UNC Wilmington,9,23,61.12590664862944,10.407157659274024,67.99024569835812,11.845133822597509
Alcorn St,12,19,61.481768023306124,10.440062738132776,68.39929948826098,12.45151529492532
New Orleans,11,15,69.19867199736689,11.566510661288882,76.13153051822906,14.904939846267956
TX Pan American,9,23,64.3682655203225,11.743510749214268,71.34711346549581,10.277054656640365
Samford,13,20,69.12109976465423,11.016397167923671,76.1586846169666,13.102718586754934
Niagara,7,26,74.77354188003044,10.77231301311613,81.8134808004396,11.807790536672938
TCU,9,22,62.5880025515686,9.179995488669523,69.66420753311326,10.15471886608341
Florida A&M,14,18,69.30067043816194,12.280757450126359,76.4065959204506,9.081141439916582
Nicholls St,14,15,66.09593347704454,9.59335282510774,73.36589665682462,9.918669135690033
Chicago St,13,19,69.93972340238203,9.53031379824033,77.33215143080766,11.892584671190262
Jacksonville,12,18,73.5762118383002,11.817023014565185,80.9754377141333,10.425232337315215
J&W NC,0,5,65.59634224328619,11.036075250517655,73.01927440070507,27.414781661584357
Fairfield,7,25,61.24276808756828,8.491298695420065,68.82954980411745,7.507063385870731
Ball St,5,25,66.0987725315428,11.505309916478089,73.7195526569781,9.909771204785553
Penn,8,20,67.96907801104868,9.548390010387614,75.70982119128689,6.668730524568795
Jacksonville St,10,21,61.548068737847565,9.120664870708854,69.59887523532855,8.845528771892074
N Kentucky,9,21,66.34297038867517,10.492449373626725,74.41705940701836,8.606138259687976
New Hampshire,6,24,56.81144456091356,12.963962515168747,65.02937301949332,9.246336486653147
Cent Arkansas,8,21,70.85504496278696,16.70637073937094,79.19880482730481,15.083427344836378
Tennessee St,5,25,66.85967090225135,10.93980899905933,75.20668937549674,9.947123430052821
F Dickinson,10,21,68.85721823437972,10.347755533702301,77.21097803498132,11.434307115208238
Loyola MD,11,19,65.03843831360034,11.921623332038848,73.41807251065681,10.476266380591644
Coppin St,12,20,68.89872294147156,10.943769230414011,77.36833778689058,9.72055694005715
San Jose St,7,24,62.36689508852723,11.263376994337234,71.08215853317061,10.152014564841291
UT San Antonio,8,22,68.79724703913668,9.771439667297559,77.52611980921368,10.342500844876778
UC Davis,9,22,69.6486441343426,10.511482965217358,78.56010942807016,10.794464516066942
McNeese St,11,20,66.38900878950881,11.785231560541096,75.88293762501483,10.201364856628379
Sacred Heart,5,26,67.82896233276313,11.504270083772626,77.54909680258896,12.275054468243301
TN Martin,8,23,72.97141497631812,9.652666764787622,82.87369610796624,9.166548021647836
Central Conn,11,19,69.54244683580836,7.822928853767225,79.59729903517987,10.534638568259904
Prairie View,11,23,67.67327811714289,13.003415371970533,77.7373259988369,13.143703482167522
MA Lowell,10,18,61.212109551758296,11.408166431240858,71.34702056012262,11.053715682995447
IUPUI,6,26,64.5334024833005,13.101482122100862,74.7628300488518,10.764874597916126
UMBC,9,21,65.19326579804358,10.04884006957732,75.59111758966134,10.025000049187275
Citadel,7,26,65.38030825921186,13.32826594043916,75.86822114878409,8.648066481739864
Ark Pine Bluff,13,18,60.93199605839273,8.088761116838588,71.46855484883427,9.502945071643612
Furman,9,21,64.06090255652461,13.439643819274758,74.59915197194042,11.321790681174885
Long Island,9,20,70.95723463955034,9.695806228946493,81.50595654432564,10.489430047447954
St Francis PA,10,21,58.84082670148652,10.869801017391863,69.71013709762643,9.046851482252233
Bethune-Cookman,7,25,61.00701820546599,12.224378141592103,71.9892624592589,10.010964093789706
NC A&T,9,23,63.88867733428095,10.824561106171375,75.51004660253376,7.65284359718227
MD E Shore,6,24,64.79813969771618,11.450602911461464,76.80228950759637,11.884524667425465
Houston Bap,6,25,65.0212259516161,12.797202502498802,77.1169061300037,10.244733549017116
Kennesaw,6,25,62.34156145355004,9.435174854333544,74.55605412053865,10.318439879238396
Binghamton,7,23,60.8112600792021,12.172577165733989,73.16875495349541,11.53383682250128
Lamar,4,26,64.796680328622,10.240393190514814,77.19298039453172,9.713310248792052
Longwood,8,24,67.05071651549821,12.831467622351514,79.56563654272227,12.904484337124282
S Carolina St,9,21,61.19801492818061,10.396352154974878,74.5750325033163,9.854965094698434
San Diego Chr,0,8,63.57797440619657,11.056434799153191,77.16391789891436,14.220657091710521
Presbyterian,6,26,62.52447156935961,11.8467905347748,76.20151470097811,9.39610718511777
Maine,6,23,71.99167089896181,12.352568124353924,85.74429280573032,10.900438997961626
Howard,8,25,58.936519382539295,10.298757504253002,72.69930426440212,10.612541904015039
MS Valley St,9,23,69.20583196758277,12.31326571500927,83.02369321887657,13.662193509635827
Cornell,2,26,65.25827214082688,9.80571530960533,79.58065819703528,11.096673366340752
Stetson,7,24,57.708060760278805,8.243039306559536,72.95955907138863,9.819598652778955
Grambling,5,24,63.55735319488693,11.211446560080928,80.00104113695002,14.208500165890971
Southern Utah,2,27,57.34905205524408,11.691195898378808,75.57650182830992,8.44241334085537
